filename,bpm,error
Midnight Coffee Cup.mp3,191.41,
Midnight Coffee Cup_job3_track2.mp3,89.25,
Midnight Coffee Glow.mp3,93.92,
Midnight Coffee Glow_job10_track2.mp3,178.21,
Midnight Coffee Glow_job37_track1.mp3,141.85,
Midnight Coffee Glow_job37_track2.mp3,150.91,
Midnight Coffee Steam.mp3,130.5,
Midnight Coffee Steam_job32_track2.mp3,129.86,
Midnight Porcelain.mp3,178.21,
Midnight Porcelain_job24_track2.mp3,172.27,
Midnight Porchlight.mp3,172.27,
Midnight Porchlight_job13_track2.mp3,107.61,
Midnight Quiet City Slow.mp3,198.77,
Midnight Quiet City Slow_job36_track2.mp3,133.01,
Midnight Sidewalk.mp3,150.1,
Midnight Sidewalk_job42_track2.mp3,151.49,
Midnight Window Glow.mp3,160.44,
Midnight Window Glow_job12_track1.mp3,121.02,
Midnight Window Glow_job12_track2.mp3,90.15,
Midnight Window Glow_job14_track1.mp3,129.98,
Midnight Window Glow_job14_track2.mp3,119.28,
Midnight Window Glow_job19_track1.mp3,142.29,
Midnight Window Glow_job19_track2.mp3,129.98,
Midnight Window Glow_job23_track1.mp3,172.27,
Midnight Window Glow_job23_track2.mp3,145.67,
Midnight Window Glow_job25_track1.mp3,94.95,
Midnight Window Glow_job25_track2.mp3,118.06,
Midnight Window Glow_job29_track1.mp3,134.5,
Midnight Window Glow_job29_track2.mp3,178.21,
Midnight Window Glow_job30_track1.mp3,184.57,
Midnight Window Glow_job30_track2.mp3,151.86,
Midnight Window Glow_job31_track1.mp3,159.85,
Midnight Window Glow_job31_track2.mp3,120.1,
Midnight Window Glow_job33_track1.mp3,114.28,
Midnight Window Glow_job33_track2.mp3,172.27,
Midnight Window Glow_job35_track1.mp3,138.61,
Midnight Window Glow_job35_track2.mp3,178.21,
Midnight Window Glow_job41_track1.mp3,162.14,
Midnight Window Glow_job41_track2.mp3,120.38,
Midnight Window Glow_job43_track1.mp3,206.72,
Midnight Window Glow_job43_track2.mp3,198.77,
Midnight Window Glow_job44_track1.mp3,105.43,
Midnight Window Glow_job44_track2.mp3,88.0,
Midnight Window Glow_job45_track1.mp3,146.59,
Midnight Window Glow_job45_track2.mp3,136.66,
Midnight Window Glow_job46_track1.mp3,146.74,
Midnight Window Glow_job46_track2.mp3,95.49,
Midnight Window Glow_job47_track1.mp3,132.64,
Midnight Window Glow_job47_track2.mp3,108.9,
Midnight Window Glow_job48_track1.mp3,135.58,
Midnight Window Glow_job48_track2.mp3,141.81,
Midnight Window Glow_job49_track1.mp3,93.16,
Midnight Window Glow_job49_track2.mp3,122.85,
Midnight Window Glow_job50_track1.mp3,191.41,
Midnight Window Glow_job50_track2.mp3,129.6,
Midnight Window Glow_job7_track2.mp3,172.27,
Midnight Window Light.mp3,113.4,
Midnight Window Light_job17_track1.mp3,151.02,
Midnight Window Light_job17_track2.mp3,191.41,
Midnight Window Light_job18_track1.mp3,112.05,
Midnight Window Light_job18_track2.mp3,118.04,
Midnight Window Light_job21_track1.mp3,103.17,
Midnight Window Light_job21_track2.mp3,184.57,
Midnight Window Light_job22_track1.mp3,138.76,
Midnight Window Light_job22_track2.mp3,109.18,
Midnight Window Light_job27_track1.mp3,172.27,
Midnight Window Light_job27_track2.mp3,172.27,
Midnight Window Light_job28_track1.mp3,117.82,
Midnight Window Light_job28_track2.mp3,112.48,
Midnight Window Light_job34_track1.mp3,149.74,
Midnight Window Light_job34_track2.mp3,93.69,
Midnight Window Light_job5_track2.mp3,116.66,
Midnight Window Seat.mp3,191.41,
Midnight Window Seat_job1_track2.mp3,139.31,
Midnight Window Seat_job2_track1.mp3,125.5,
Midnight Window Seat_job2_track2.mp3,125.4,
Midnight Window Seat_job6_track1.mp3,172.27,
Midnight Window Seat_job6_track2.mp3,80.25,
Midnight Window Seat_job8_track1.mp3,160.84,
Midnight Window Seat_job8_track2.mp3,158.19,
Midnight Windowlight.mp3,130.45,
Midnight Windowlight_job4_track2.mp3,142.55,
Midnight Windows.mp3,128.04,
Midnight Windows_job16_track1.mp3,151.59,
Midnight Windows_job16_track2.mp3,115.2,
Midnight Windows_job38_track1.mp3,129.88,
Midnight Windows_job38_track2.mp3,133.86,
Midnight Windows_job9_track2.mp3,116.53,
Moon Cups Of Coffee.mp3,172.27,
Moon Cups Of Coffee_job11_track2.mp3,132.29,
Moon In My Coffee.mp3,118.23,
Moon In My Coffee_job26_track2.mp3,92.27,
Moon In My Coffee_job39_track1.mp3,159.48,
Moon In My Coffee_job39_track2.mp3,172.27,
Moon in My Coffee_job40_track1.mp3,147.79,
Moon in My Coffee_job40_track2.mp3,143.95,
Moonlight In My Glass.mp3,172.27,
Moonlight In My Glass_job20_track2.mp3,111.7,
Moonlight in Slow Motion.mp3,146.16,
Moonlight in Slow Motion_job15_track2.mp3,142.91,
