filename,error
Midnight Coffee Cup.mp3,HuggingFace model download blocked by network proxy (403 Forbidden). Run instruments.py locally where HF model laion/clap-htsat-unfused can be downloaded.
Midnight Coffee Cup_job3_track2.mp3,HuggingFace model download blocked by network proxy (403 Forbidden). Run instruments.py locally where HF model laion/clap-htsat-unfused can be downloaded.
Midnight Coffee Glow.mp3,HuggingFace model download blocked by network proxy (403 Forbidden). Run instruments.py locally where HF model laion/clap-htsat-unfused can be downloaded.
Midnight Coffee Glow_job10_track2.mp3,HuggingFace model download blocked by network proxy (403 Forbidden). Run instruments.py locally where HF model laion/clap-htsat-unfused can be downloaded.
Midnight Coffee Glow_job37_track1.mp3,HuggingFace model download blocked by network proxy (403 Forbidden). Run instruments.py locally where HF model laion/clap-htsat-unfused can be downloaded.
Midnight Coffee Glow_job37_track2.mp3,HuggingFace model download blocked by network proxy (403 Forbidden). Run instruments.py locally where HF model laion/clap-htsat-unfused can be downloaded.
Midnight Coffee Steam.mp3,HuggingFace model download blocked by network proxy (403 Forbidden). Run instruments.py locally where HF model laion/clap-htsat-unfused can be downloaded.
Midnight Coffee Steam_job32_track2.mp3,HuggingFace model download blocked by network proxy (403 Forbidden). Run instruments.py locally where HF model laion/clap-htsat-unfused can be downloaded.
Midnight Porcelain.mp3,HuggingFace model download blocked by network proxy (403 Forbidden). Run instruments.py locally where HF model laion/clap-htsat-unfused can be downloaded.
Midnight Porcelain_job24_track2.mp3,HuggingFace model download blocked by network proxy (403 Forbidden). Run instruments.py locally where HF model laion/clap-htsat-unfused can be downloaded.
Midnight Porchlight.mp3,HuggingFace model download blocked by network proxy (403 Forbidden). Run instruments.py locally where HF model laion/clap-htsat-unfused can be downloaded.
Midnight Porchlight_job13_track2.mp3,HuggingFace model download blocked by network proxy (403 Forbidden). Run instruments.py locally where HF model laion/clap-htsat-unfused can be downloaded.
Midnight Quiet City Slow.mp3,HuggingFace model download blocked by network proxy (403 Forbidden). Run instruments.py locally where HF model laion/clap-htsat-unfused can be downloaded.
Midnight Quiet City Slow_job36_track2.mp3,HuggingFace model download blocked by network proxy (403 Forbidden). Run instruments.py locally where HF model laion/clap-htsat-unfused can be downloaded.
Midnight Sidewalk.mp3,HuggingFace model download blocked by network proxy (403 Forbidden). Run instruments.py locally where HF model laion/clap-htsat-unfused can be downloaded.
Midnight Sidewalk_job42_track2.mp3,HuggingFace model download blocked by network proxy (403 Forbidden). Run instruments.py locally where HF model laion/clap-htsat-unfused can be downloaded.
Midnight Window Glow.mp3,HuggingFace model download blocked by network proxy (403 Forbidden). Run instruments.py locally where HF model laion/clap-htsat-unfused can be downloaded.
Midnight Window Glow_job12_track1.mp3,HuggingFace model download blocked by network proxy (403 Forbidden). Run instruments.py locally where HF model laion/clap-htsat-unfused can be downloaded.
Midnight Window Glow_job12_track2.mp3,HuggingFace model download blocked by network proxy (403 Forbidden). Run instruments.py locally where HF model laion/clap-htsat-unfused can be downloaded.
Midnight Window Glow_job14_track1.mp3,HuggingFace model download blocked by network proxy (403 Forbidden). Run instruments.py locally where HF model laion/clap-htsat-unfused can be downloaded.
Midnight Window Glow_job14_track2.mp3,HuggingFace model download blocked by network proxy (403 Forbidden). Run instruments.py locally where HF model laion/clap-htsat-unfused can be downloaded.
Midnight Window Glow_job19_track1.mp3,HuggingFace model download blocked by network proxy (403 Forbidden). Run instruments.py locally where HF model laion/clap-htsat-unfused can be downloaded.
Midnight Window Glow_job19_track2.mp3,HuggingFace model download blocked by network proxy (403 Forbidden). Run instruments.py locally where HF model laion/clap-htsat-unfused can be downloaded.
Midnight Window Glow_job23_track1.mp3,HuggingFace model download blocked by network proxy (403 Forbidden). Run instruments.py locally where HF model laion/clap-htsat-unfused can be downloaded.
Midnight Window Glow_job23_track2.mp3,HuggingFace model download blocked by network proxy (403 Forbidden). Run instruments.py locally where HF model laion/clap-htsat-unfused can be downloaded.
Midnight Window Glow_job25_track1.mp3,HuggingFace model download blocked by network proxy (403 Forbidden). Run instruments.py locally where HF model laion/clap-htsat-unfused can be downloaded.
Midnight Window Glow_job25_track2.mp3,HuggingFace model download blocked by network proxy (403 Forbidden). Run instruments.py locally where HF model laion/clap-htsat-unfused can be downloaded.
Midnight Window Glow_job29_track1.mp3,HuggingFace model download blocked by network proxy (403 Forbidden). Run instruments.py locally where HF model laion/clap-htsat-unfused can be downloaded.
Midnight Window Glow_job29_track2.mp3,HuggingFace model download blocked by network proxy (403 Forbidden). Run instruments.py locally where HF model laion/clap-htsat-unfused can be downloaded.
Midnight Window Glow_job30_track1.mp3,HuggingFace model download blocked by network proxy (403 Forbidden). Run instruments.py locally where HF model laion/clap-htsat-unfused can be downloaded.
Midnight Window Glow_job30_track2.mp3,HuggingFace model download blocked by network proxy (403 Forbidden). Run instruments.py locally where HF model laion/clap-htsat-unfused can be downloaded.
Midnight Window Glow_job31_track1.mp3,HuggingFace model download blocked by network proxy (403 Forbidden). Run instruments.py locally where HF model laion/clap-htsat-unfused can be downloaded.
Midnight Window Glow_job31_track2.mp3,HuggingFace model download blocked by network proxy (403 Forbidden). Run instruments.py locally where HF model laion/clap-htsat-unfused can be downloaded.
Midnight Window Glow_job33_track1.mp3,HuggingFace model download blocked by network proxy (403 Forbidden). Run instruments.py locally where HF model laion/clap-htsat-unfused can be downloaded.
Midnight Window Glow_job33_track2.mp3,HuggingFace model download blocked by network proxy (403 Forbidden). Run instruments.py locally where HF model laion/clap-htsat-unfused can be downloaded.
Midnight Window Glow_job35_track1.mp3,HuggingFace model download blocked by network proxy (403 Forbidden). Run instruments.py locally where HF model laion/clap-htsat-unfused can be downloaded.
Midnight Window Glow_job35_track2.mp3,HuggingFace model download blocked by network proxy (403 Forbidden). Run instruments.py locally where HF model laion/clap-htsat-unfused can be downloaded.
Midnight Window Glow_job41_track1.mp3,HuggingFace model download blocked by network proxy (403 Forbidden). Run instruments.py locally where HF model laion/clap-htsat-unfused can be downloaded.
Midnight Window Glow_job41_track2.mp3,HuggingFace model download blocked by network proxy (403 Forbidden). Run instruments.py locally where HF model laion/clap-htsat-unfused can be downloaded.
Midnight Window Glow_job43_track1.mp3,HuggingFace model download blocked by network proxy (403 Forbidden). Run instruments.py locally where HF model laion/clap-htsat-unfused can be downloaded.
Midnight Window Glow_job43_track2.mp3,HuggingFace model download blocked by network proxy (403 Forbidden). Run instruments.py locally where HF model laion/clap-htsat-unfused can be downloaded.
Midnight Window Glow_job44_track1.mp3,HuggingFace model download blocked by network proxy (403 Forbidden). Run instruments.py locally where HF model laion/clap-htsat-unfused can be downloaded.
Midnight Window Glow_job44_track2.mp3,HuggingFace model download blocked by network proxy (403 Forbidden). Run instruments.py locally where HF model laion/clap-htsat-unfused can be downloaded.
Midnight Window Glow_job45_track1.mp3,HuggingFace model download blocked by network proxy (403 Forbidden). Run instruments.py locally where HF model laion/clap-htsat-unfused can be downloaded.
Midnight Window Glow_job45_track2.mp3,HuggingFace model download blocked by network proxy (403 Forbidden). Run instruments.py locally where HF model laion/clap-htsat-unfused can be downloaded.
Midnight Window Glow_job46_track1.mp3,HuggingFace model download blocked by network proxy (403 Forbidden). Run instruments.py locally where HF model laion/clap-htsat-unfused can be downloaded.
Midnight Window Glow_job46_track2.mp3,HuggingFace model download blocked by network proxy (403 Forbidden). Run instruments.py locally where HF model laion/clap-htsat-unfused can be downloaded.
Midnight Window Glow_job47_track1.mp3,HuggingFace model download blocked by network proxy (403 Forbidden). Run instruments.py locally where HF model laion/clap-htsat-unfused can be downloaded.
Midnight Window Glow_job47_track2.mp3,HuggingFace model download blocked by network proxy (403 Forbidden). Run instruments.py locally where HF model laion/clap-htsat-unfused can be downloaded.
Midnight Window Glow_job48_track1.mp3,HuggingFace model download blocked by network proxy (403 Forbidden). Run instruments.py locally where HF model laion/clap-htsat-unfused can be downloaded.
Midnight Window Glow_job48_track2.mp3,HuggingFace model download blocked by network proxy (403 Forbidden). Run instruments.py locally where HF model laion/clap-htsat-unfused can be downloaded.
Midnight Window Glow_job49_track1.mp3,HuggingFace model download blocked by network proxy (403 Forbidden). Run instruments.py locally where HF model laion/clap-htsat-unfused can be downloaded.
Midnight Window Glow_job49_track2.mp3,HuggingFace model download blocked by network proxy (403 Forbidden). Run instruments.py locally where HF model laion/clap-htsat-unfused can be downloaded.
Midnight Window Glow_job50_track1.mp3,HuggingFace model download blocked by network proxy (403 Forbidden). Run instruments.py locally where HF model laion/clap-htsat-unfused can be downloaded.
Midnight Window Glow_job50_track2.mp3,HuggingFace model download blocked by network proxy (403 Forbidden). Run instruments.py locally where HF model laion/clap-htsat-unfused can be downloaded.
Midnight Window Glow_job7_track2.mp3,HuggingFace model download blocked by network proxy (403 Forbidden). Run instruments.py locally where HF model laion/clap-htsat-unfused can be downloaded.
Midnight Window Light.mp3,HuggingFace model download blocked by network proxy (403 Forbidden). Run instruments.py locally where HF model laion/clap-htsat-unfused can be downloaded.
Midnight Window Light_job17_track1.mp3,HuggingFace model download blocked by network proxy (403 Forbidden). Run instruments.py locally where HF model laion/clap-htsat-unfused can be downloaded.
Midnight Window Light_job17_track2.mp3,HuggingFace model download blocked by network proxy (403 Forbidden). Run instruments.py locally where HF model laion/clap-htsat-unfused can be downloaded.
Midnight Window Light_job18_track1.mp3,HuggingFace model download blocked by network proxy (403 Forbidden). Run instruments.py locally where HF model laion/clap-htsat-unfused can be downloaded.
Midnight Window Light_job18_track2.mp3,HuggingFace model download blocked by network proxy (403 Forbidden). Run instruments.py locally where HF model laion/clap-htsat-unfused can be downloaded.
Midnight Window Light_job21_track1.mp3,HuggingFace model download blocked by network proxy (403 Forbidden). Run instruments.py locally where HF model laion/clap-htsat-unfused can be downloaded.
Midnight Window Light_job21_track2.mp3,HuggingFace model download blocked by network proxy (403 Forbidden). Run instruments.py locally where HF model laion/clap-htsat-unfused can be downloaded.
Midnight Window Light_job22_track1.mp3,HuggingFace model download blocked by network proxy (403 Forbidden). Run instruments.py locally where HF model laion/clap-htsat-unfused can be downloaded.
Midnight Window Light_job22_track2.mp3,HuggingFace model download blocked by network proxy (403 Forbidden). Run instruments.py locally where HF model laion/clap-htsat-unfused can be downloaded.
Midnight Window Light_job27_track1.mp3,HuggingFace model download blocked by network proxy (403 Forbidden). Run instruments.py locally where HF model laion/clap-htsat-unfused can be downloaded.
Midnight Window Light_job27_track2.mp3,HuggingFace model download blocked by network proxy (403 Forbidden). Run instruments.py locally where HF model laion/clap-htsat-unfused can be downloaded.
Midnight Window Light_job28_track1.mp3,HuggingFace model download blocked by network proxy (403 Forbidden). Run instruments.py locally where HF model laion/clap-htsat-unfused can be downloaded.
Midnight Window Light_job28_track2.mp3,HuggingFace model download blocked by network proxy (403 Forbidden). Run instruments.py locally where HF model laion/clap-htsat-unfused can be downloaded.
Midnight Window Light_job34_track1.mp3,HuggingFace model download blocked by network proxy (403 Forbidden). Run instruments.py locally where HF model laion/clap-htsat-unfused can be downloaded.
Midnight Window Light_job34_track2.mp3,HuggingFace model download blocked by network proxy (403 Forbidden). Run instruments.py locally where HF model laion/clap-htsat-unfused can be downloaded.
Midnight Window Light_job5_track2.mp3,HuggingFace model download blocked by network proxy (403 Forbidden). Run instruments.py locally where HF model laion/clap-htsat-unfused can be downloaded.
Midnight Window Seat.mp3,HuggingFace model download blocked by network proxy (403 Forbidden). Run instruments.py locally where HF model laion/clap-htsat-unfused can be downloaded.
Midnight Window Seat_job1_track2.mp3,HuggingFace model download blocked by network proxy (403 Forbidden). Run instruments.py locally where HF model laion/clap-htsat-unfused can be downloaded.
Midnight Window Seat_job2_track1.mp3,HuggingFace model download blocked by network proxy (403 Forbidden). Run instruments.py locally where HF model laion/clap-htsat-unfused can be downloaded.
Midnight Window Seat_job2_track2.mp3,HuggingFace model download blocked by network proxy (403 Forbidden). Run instruments.py locally where HF model laion/clap-htsat-unfused can be downloaded.
Midnight Window Seat_job6_track1.mp3,HuggingFace model download blocked by network proxy (403 Forbidden). Run instruments.py locally where HF model laion/clap-htsat-unfused can be downloaded.
Midnight Window Seat_job6_track2.mp3,HuggingFace model download blocked by network proxy (403 Forbidden). Run instruments.py locally where HF model laion/clap-htsat-unfused can be downloaded.
Midnight Window Seat_job8_track1.mp3,HuggingFace model download blocked by network proxy (403 Forbidden). Run instruments.py locally where HF model laion/clap-htsat-unfused can be downloaded.
Midnight Window Seat_job8_track2.mp3,HuggingFace model download blocked by network proxy (403 Forbidden). Run instruments.py locally where HF model laion/clap-htsat-unfused can be downloaded.
Midnight Windowlight.mp3,HuggingFace model download blocked by network proxy (403 Forbidden). Run instruments.py locally where HF model laion/clap-htsat-unfused can be downloaded.
Midnight Windowlight_job4_track2.mp3,HuggingFace model download blocked by network proxy (403 Forbidden). Run instruments.py locally where HF model laion/clap-htsat-unfused can be downloaded.
Midnight Windows.mp3,HuggingFace model download blocked by network proxy (403 Forbidden). Run instruments.py locally where HF model laion/clap-htsat-unfused can be downloaded.
Midnight Windows_job16_track1.mp3,HuggingFace model download blocked by network proxy (403 Forbidden). Run instruments.py locally where HF model laion/clap-htsat-unfused can be downloaded.
Midnight Windows_job16_track2.mp3,HuggingFace model download blocked by network proxy (403 Forbidden). Run instruments.py locally where HF model laion/clap-htsat-unfused can be downloaded.
Midnight Windows_job38_track1.mp3,HuggingFace model download blocked by network proxy (403 Forbidden). Run instruments.py locally where HF model laion/clap-htsat-unfused can be downloaded.
Midnight Windows_job38_track2.mp3,HuggingFace model download blocked by network proxy (403 Forbidden). Run instruments.py locally where HF model laion/clap-htsat-unfused can be downloaded.
Midnight Windows_job9_track2.mp3,HuggingFace model download blocked by network proxy (403 Forbidden). Run instruments.py locally where HF model laion/clap-htsat-unfused can be downloaded.
Moon Cups Of Coffee.mp3,HuggingFace model download blocked by network proxy (403 Forbidden). Run instruments.py locally where HF model laion/clap-htsat-unfused can be downloaded.
Moon Cups Of Coffee_job11_track2.mp3,HuggingFace model download blocked by network proxy (403 Forbidden). Run instruments.py locally where HF model laion/clap-htsat-unfused can be downloaded.
Moon In My Coffee.mp3,HuggingFace model download blocked by network proxy (403 Forbidden). Run instruments.py locally where HF model laion/clap-htsat-unfused can be downloaded.
Moon In My Coffee_job26_track2.mp3,HuggingFace model download blocked by network proxy (403 Forbidden). Run instruments.py locally where HF model laion/clap-htsat-unfused can be downloaded.
Moon In My Coffee_job39_track1.mp3,HuggingFace model download blocked by network proxy (403 Forbidden). Run instruments.py locally where HF model laion/clap-htsat-unfused can be downloaded.
Moon In My Coffee_job39_track2.mp3,HuggingFace model download blocked by network proxy (403 Forbidden). Run instruments.py locally where HF model laion/clap-htsat-unfused can be downloaded.
Moon in My Coffee_job40_track1.mp3,HuggingFace model download blocked by network proxy (403 Forbidden). Run instruments.py locally where HF model laion/clap-htsat-unfused can be downloaded.
Moon in My Coffee_job40_track2.mp3,HuggingFace model download blocked by network proxy (403 Forbidden). Run instruments.py locally where HF model laion/clap-htsat-unfused can be downloaded.
Moonlight In My Glass.mp3,HuggingFace model download blocked by network proxy (403 Forbidden). Run instruments.py locally where HF model laion/clap-htsat-unfused can be downloaded.
Moonlight In My Glass_job20_track2.mp3,HuggingFace model download blocked by network proxy (403 Forbidden). Run instruments.py locally where HF model laion/clap-htsat-unfused can be downloaded.
Moonlight in Slow Motion.mp3,HuggingFace model download blocked by network proxy (403 Forbidden). Run instruments.py locally where HF model laion/clap-htsat-unfused can be downloaded.
Moonlight in Slow Motion_job15_track2.mp3,HuggingFace model download blocked by network proxy (403 Forbidden). Run instruments.py locally where HF model laion/clap-htsat-unfused can be downloaded.
